cycle,phase,process,pid,index,bytes
0,no-view,host,55145,0,5718664
0,no-view,host,55145,1,5718664
0,no-view,host,55145,2,5735048
0,no-view,host,55145,3,5735048
0,no-view,host,55145,4,5735048
0,no-view,host,55145,5,5735048
0,no-view,host,55145,6,5735048
0,no-view,host,55145,7,5735048
0,no-view,host,55145,8,5735048
0,no-view,host,55145,9,5735048
0,view-open,host,55145,0,5751432
0,view-open,helper,56813,0,5931800
0,view-open,host,55145,1,5751432
0,view-open,helper,56813,1,5931800
0,view-open,host,55145,2,5751432
0,view-open,helper,56813,2,5931800
0,view-open,host,55145,3,5751432
0,view-open,helper,56813,3,5931800
0,view-open,host,55145,4,5751432
0,view-open,helper,56813,4,5931800
0,view-open,host,55145,5,5751432
0,view-open,helper,56813,5,5931800
0,view-open,host,55145,6,5751432
0,view-open,helper,56813,6,5931800
0,view-open,host,55145,7,5751432
0,view-open,helper,56813,7,5931800
0,view-open,host,55145,8,5751432
0,view-open,helper,56813,8,5931800
0,view-open,host,55145,9,5751432
0,view-open,helper,56813,9,5931800
0,after-typing,host,55145,0,5751432
0,after-typing,helper,56813,0,9896728
0,after-typing,host,55145,1,5751432
0,after-typing,helper,56813,1,9896728
0,after-typing,host,55145,2,5751432
0,after-typing,helper,56813,2,9896728
0,after-typing,host,55145,3,5751432
0,after-typing,helper,56813,3,9896728
0,after-typing,host,55145,4,5751432
0,after-typing,helper,56813,4,9896728
0,after-typing,host,55145,5,5751432
0,after-typing,helper,56813,5,9896728
0,after-typing,host,55145,6,5751432
0,after-typing,helper,56813,6,9896728
0,after-typing,host,55145,7,5751432
0,after-typing,helper,56813,7,9896728
0,after-typing,host,55145,8,5751432
0,after-typing,helper,56813,8,9896728
0,after-typing,host,55145,9,5751432
0,after-typing,helper,56813,9,9913112
0,helper-retired,host,55145,0,5735048
0,helper-retired,host,55145,1,5735048
0,helper-retired,host,55145,2,5735048
0,helper-retired,host,55145,3,5735048
0,helper-retired,host,55145,4,5735048
0,helper-retired,host,55145,5,5735048
0,helper-retired,host,55145,6,5735048
0,helper-retired,host,55145,7,5735048
0,helper-retired,host,55145,8,5735048
0,helper-retired,host,55145,9,5735048
0,view-closed,host,55145,0,5735048
0,view-closed,host,55145,1,5735048
0,view-closed,host,55145,2,5735048
0,view-closed,host,55145,3,5735048
0,view-closed,host,55145,4,5735048
0,view-closed,host,55145,5,5735048
0,view-closed,host,55145,6,5735048
0,view-closed,host,55145,7,5735048
0,view-closed,host,55145,8,5735048
0,view-closed,host,55145,9,5735048
1,no-view,host,55145,0,5735048
1,no-view,host,55145,1,5735048
1,no-view,host,55145,2,5735048
1,no-view,host,55145,3,5735048
1,no-view,host,55145,4,5735048
1,no-view,host,55145,5,5735048
1,no-view,host,55145,6,5735048
1,no-view,host,55145,7,5735048
1,no-view,host,55145,8,5735048
1,no-view,host,55145,9,5735048
1,view-open,host,55145,0,5767816
1,view-open,helper,56866,0,5898984
1,view-open,host,55145,1,5767816
1,view-open,helper,56866,1,5898984
1,view-open,host,55145,2,5767816
1,view-open,helper,56866,2,5898984
1,view-open,host,55145,3,5767816
1,view-open,helper,56866,3,5898984
1,view-open,host,55145,4,5767816
1,view-open,helper,56866,4,5898984
1,view-open,host,55145,5,5767816
1,view-open,helper,56866,5,5898984
1,view-open,host,55145,6,5767816
1,view-open,helper,56866,6,5898984
1,view-open,host,55145,7,5767816
1,view-open,helper,56866,7,5898984
1,view-open,host,55145,8,5767816
1,view-open,helper,56866,8,5898984
1,view-open,host,55145,9,5767816
1,view-open,helper,56866,9,5898984
1,after-typing,host,55145,0,5784200
1,after-typing,helper,56866,0,9847528
1,after-typing,host,55145,1,5784200
1,after-typing,helper,56866,1,9847528
1,after-typing,host,55145,2,5784200
1,after-typing,helper,56866,2,9847528
1,after-typing,host,55145,3,5784200
1,after-typing,helper,56866,3,9847528
1,after-typing,host,55145,4,5784200
1,after-typing,helper,56866,4,9847528
1,after-typing,host,55145,5,5784200
1,after-typing,helper,56866,5,9863912
1,after-typing,host,55145,6,5784200
1,after-typing,helper,56866,6,9863912
1,after-typing,host,55145,7,5784200
1,after-typing,helper,56866,7,9863912
1,after-typing,host,55145,8,5784200
1,after-typing,helper,56866,8,9863912
1,after-typing,host,55145,9,5784200
1,after-typing,helper,56866,9,9863912
1,helper-retired,host,55145,0,5767816
1,helper-retired,host,55145,1,5767816
1,helper-retired,host,55145,2,5767816
1,helper-retired,host,55145,3,5767816
1,helper-retired,host,55145,4,5767816
1,helper-retired,host,55145,5,5767816
1,helper-retired,host,55145,6,5767816
1,helper-retired,host,55145,7,5767816
1,helper-retired,host,55145,8,5767816
1,helper-retired,host,55145,9,5767816
1,view-closed,host,55145,0,5767816
1,view-closed,host,55145,1,5767816
1,view-closed,host,55145,2,5767816
1,view-closed,host,55145,3,5767816
1,view-closed,host,55145,4,5767816
1,view-closed,host,55145,5,5767816
1,view-closed,host,55145,6,5767816
1,view-closed,host,55145,7,5767816
1,view-closed,host,55145,8,5767816
1,view-closed,host,55145,9,5767816
2,no-view,host,55145,0,5767816
2,no-view,host,55145,1,5767816
2,no-view,host,55145,2,5767816
2,no-view,host,55145,3,5767816
2,no-view,host,55145,4,5767816
2,no-view,host,55145,5,5767816
2,no-view,host,55145,6,5767816
2,no-view,host,55145,7,5767816
2,no-view,host,55145,8,5767816
2,no-view,host,55145,9,5767816
2,view-open,host,55145,0,5784200
2,view-open,helper,56928,0,5931728
2,view-open,host,55145,1,5784200
2,view-open,helper,56928,1,5931728
2,view-open,host,55145,2,5784200
2,view-open,helper,56928,2,5931728
2,view-open,host,55145,3,5784200
2,view-open,helper,56928,3,5931728
2,view-open,host,55145,4,5784200
2,view-open,helper,56928,4,5931728
2,view-open,host,55145,5,5800584
2,view-open,helper,56928,5,5931728
2,view-open,host,55145,6,5800584
2,view-open,helper,56928,6,5931728
2,view-open,host,55145,7,5800584
2,view-open,helper,56928,7,5931728
2,view-open,host,55145,8,5800584
2,view-open,helper,56928,8,5931728
2,view-open,host,55145,9,5800584
2,view-open,helper,56928,9,5931728
2,after-typing,host,55145,0,5800584
2,after-typing,helper,56928,0,9781968
2,after-typing,host,55145,1,5800584
2,after-typing,helper,56928,1,9781968
2,after-typing,host,55145,2,5800584
2,after-typing,helper,56928,2,9781968
2,after-typing,host,55145,3,5800584
2,after-typing,helper,56928,3,9781968
2,after-typing,host,55145,4,5800584
2,after-typing,helper,56928,4,9781968
2,after-typing,host,55145,5,5800584
2,after-typing,helper,56928,5,9781968
2,after-typing,host,55145,6,5800584
2,after-typing,helper,56928,6,9781968
2,after-typing,host,55145,7,5800584
2,after-typing,helper,56928,7,9781968
2,after-typing,host,55145,8,5800584
2,after-typing,helper,56928,8,9781968
2,after-typing,host,55145,9,5800584
2,after-typing,helper,56928,9,9781968
2,helper-retired,host,55145,0,5784200
2,helper-retired,host,55145,1,5784200
2,helper-retired,host,55145,2,5784200
2,helper-retired,host,55145,3,5784200
2,helper-retired,host,55145,4,5784200
2,helper-retired,host,55145,5,5784200
2,helper-retired,host,55145,6,5784200
2,helper-retired,host,55145,7,5784200
2,helper-retired,host,55145,8,5784200
2,helper-retired,host,55145,9,5784200
2,view-closed,host,55145,0,5784200
2,view-closed,host,55145,1,5784200
2,view-closed,host,55145,2,5784200
2,view-closed,host,55145,3,5784200
2,view-closed,host,55145,4,5784200
2,view-closed,host,55145,5,5784200
2,view-closed,host,55145,6,5784200
2,view-closed,host,55145,7,5784200
2,view-closed,host,55145,8,5784200
2,view-closed,host,55145,9,5784200
3,no-view,host,55145,0,5784200
3,no-view,host,55145,1,5800584
3,no-view,host,55145,2,5800584
3,no-view,host,55145,3,5800584
3,no-view,host,55145,4,5800584
3,no-view,host,55145,5,5800584
3,no-view,host,55145,6,5800584
3,no-view,host,55145,7,5800584
3,no-view,host,55145,8,5800584
3,no-view,host,55145,9,5800584
3,view-open,host,55145,0,5833352
3,view-open,helper,56980,0,5898960
3,view-open,host,55145,1,5833352
3,view-open,helper,56980,1,5898960
3,view-open,host,55145,2,5833352
3,view-open,helper,56980,2,5898960
3,view-open,host,55145,3,5833352
3,view-open,helper,56980,3,5898960
3,view-open,host,55145,4,5833352
3,view-open,helper,56980,4,5898960
3,view-open,host,55145,5,5833352
3,view-open,helper,56980,5,5898960
3,view-open,host,55145,6,5833352
3,view-open,helper,56980,6,5898960
3,view-open,host,55145,7,5833352
3,view-open,helper,56980,7,5898960
3,view-open,host,55145,8,5833352
3,view-open,helper,56980,8,5898960
3,view-open,host,55145,9,5833352
3,view-open,helper,56980,9,5898960
3,after-typing,host,55145,0,5816968
3,after-typing,helper,56980,0,9831144
3,after-typing,host,55145,1,5816968
3,after-typing,helper,56980,1,9831144
3,after-typing,host,55145,2,5816968
3,after-typing,helper,56980,2,9831144
3,after-typing,host,55145,3,5816968
3,after-typing,helper,56980,3,9831144
3,after-typing,host,55145,4,5816968
3,after-typing,helper,56980,4,9831144
3,after-typing,host,55145,5,5816968
3,after-typing,helper,56980,5,9831144
3,after-typing,host,55145,6,5816968
3,after-typing,helper,56980,6,9831144
3,after-typing,host,55145,7,5816968
3,after-typing,helper,56980,7,9831144
3,after-typing,host,55145,8,5833352
3,after-typing,helper,56980,8,9831144
3,after-typing,host,55145,9,5833352
3,after-typing,helper,56980,9,9831144
3,helper-retired,host,55145,0,5816968
3,helper-retired,host,55145,1,5816968
3,helper-retired,host,55145,2,5816968
3,helper-retired,host,55145,3,5816968
3,helper-retired,host,55145,4,5816968
3,helper-retired,host,55145,5,5816968
3,helper-retired,host,55145,6,5816968
3,helper-retired,host,55145,7,5816968
3,helper-retired,host,55145,8,5816968
3,helper-retired,host,55145,9,5816968
3,view-closed,host,55145,0,5816968
3,view-closed,host,55145,1,5816968
3,view-closed,host,55145,2,5816968
3,view-closed,host,55145,3,5816968
3,view-closed,host,55145,4,5816968
3,view-closed,host,55145,5,5816968
3,view-closed,host,55145,6,5816968
3,view-closed,host,55145,7,5816968
3,view-closed,host,55145,8,5816968
3,view-closed,host,55145,9,5816968
4,no-view,host,55145,0,5816968
4,no-view,host,55145,1,5816968
4,no-view,host,55145,2,5816968
4,no-view,host,55145,3,5816968
4,no-view,host,55145,4,5816968
4,no-view,host,55145,5,5816968
4,no-view,host,55145,6,5816968
4,no-view,host,55145,7,5816968
4,no-view,host,55145,8,5816968
4,no-view,host,55145,9,5784200
4,view-open,host,55145,0,5816968
4,view-open,helper,57043,0,5997336
4,view-open,host,55145,1,5816968
4,view-open,helper,57043,1,5997336
4,view-open,host,55145,2,5816968
4,view-open,helper,57043,2,5997336
4,view-open,host,55145,3,5816968
4,view-open,helper,57043,3,5997336
4,view-open,host,55145,4,5816968
4,view-open,helper,57043,4,5997336
4,view-open,host,55145,5,5816968
4,view-open,helper,57043,5,5997336
4,view-open,host,55145,6,5816968
4,view-open,helper,57043,6,5997336
4,view-open,host,55145,7,5816968
4,view-open,helper,57043,7,5997336
4,view-open,host,55145,8,5816968
4,view-open,helper,57043,8,5997336
4,view-open,host,55145,9,5816968
4,view-open,helper,57043,9,5997336
4,after-typing,host,55145,0,5816968
4,after-typing,helper,57043,0,9880344
4,after-typing,host,55145,1,5816968
4,after-typing,helper,57043,1,9880344
4,after-typing,host,55145,2,5816968
4,after-typing,helper,57043,2,9880344
4,after-typing,host,55145,3,5816968
4,after-typing,helper,57043,3,9880344
4,after-typing,host,55145,4,5816968
4,after-typing,helper,57043,4,9880344
4,after-typing,host,55145,5,5866120
4,after-typing,helper,57043,5,9880344
4,after-typing,host,55145,6,5866120
4,after-typing,helper,57043,6,9880344
4,after-typing,host,55145,7,5866120
4,after-typing,helper,57043,7,9913112
4,after-typing,host,55145,8,5866120
4,after-typing,helper,57043,8,9913112
4,after-typing,host,55145,9,5866120
4,after-typing,helper,57043,9,9913112
4,helper-retired,host,55145,0,5849736
4,helper-retired,host,55145,1,5849736
4,helper-retired,host,55145,2,5849736
4,helper-retired,host,55145,3,5849736
4,helper-retired,host,55145,4,5849736
4,helper-retired,host,55145,5,5849736
4,helper-retired,host,55145,6,5849736
4,helper-retired,host,55145,7,5849736
4,helper-retired,host,55145,8,5849736
4,helper-retired,host,55145,9,5849736
4,view-closed,host,55145,0,5849736
4,view-closed,host,55145,1,5849736
4,view-closed,host,55145,2,5849736
4,view-closed,host,55145,3,5849736
4,view-closed,host,55145,4,5849736
4,view-closed,host,55145,5,5849736
4,view-closed,host,55145,6,5849736
4,view-closed,host,55145,7,5849736
4,view-closed,host,55145,8,5849736
4,view-closed,host,55145,9,5849736
