scenario,helper,keystroke_interval_ms,index,query,inputs,total_ms,dispatch_ms,invoke_ms,apply_ms,events_run,helper_launches,helper_exit_ms,failure
open,cold,,0,,1,29.208458,0.0,28.9485,0.148833,1,1,,
open,warm,,0,,1,6.074416,0.0,5.93275,0.067875,1,0,,
open,cold,,1,,1,26.0685,0.0,25.913292,0.103625,1,1,,
open,warm,,1,,1,7.589333,0.0,7.382708,0.17025,1,0,,
open,cold,,2,,1,19.228,0.0,19.134875,0.061,1,1,,
open,warm,,2,,1,5.863208,0.0,5.520625,0.07375,1,0,,
open,cold,,3,,1,17.479875,0.0,16.700083,0.067334,1,1,,
open,warm,,3,,1,8.933875,0.0,8.803583,0.099417,1,0,,
open,cold,,4,,1,19.154167,0.0,19.040417,0.090167,1,1,,
open,warm,,4,,1,6.598167,0.0,6.470375,0.094834,1,0,,
open,cold,,5,,1,28.446,0.0,28.284458,0.10475,1,1,,
open,warm,,5,,1,7.978291,0.0,7.827584,0.108666,1,0,,
open,cold,,6,,1,31.246167,0.0,31.079709,0.10175,1,1,,
open,warm,,6,,1,4.22375,0.0,4.106792,0.091875,1,0,,
open,cold,,7,,1,20.523583,0.0,20.423208,0.080042,1,1,,
open,warm,,7,,1,5.282542,0.0,5.14525,0.087042,1,0,,
open,cold,,8,,1,24.311292,0.0,24.199625,0.08425,1,1,,
open,warm,,8,,1,3.304458,0.0,3.218667,0.068958,1,0,,
open,cold,,9,,1,24.102709,0.0,23.595167,0.0625,1,1,,
open,warm,,9,,1,5.482417,0.0,5.387917,0.079083,1,0,,
open,cold,,10,,1,38.731458,0.0,38.495875,0.12475,1,1,,
open,warm,,10,,1,5.628667,0.0,4.730958,0.075209,1,0,,
open,cold,,11,,1,25.094167,0.0,24.68875,0.063875,1,1,,
open,warm,,11,,1,4.790458,0.0,4.651292,0.105708,1,0,,
open,cold,,12,,1,22.5625,0.0,22.394792,0.118958,1,1,,
open,warm,,12,,1,6.183916,0.0,5.905291,0.1365,1,0,,
open,cold,,13,,1,29.761833,0.0,29.5295,0.095375,1,1,,
open,warm,,13,,1,5.985583,0.0,5.801625,0.07825,1,0,,
open,cold,,14,,1,25.794208,0.0,25.689625,0.061666,1,1,,
open,warm,,14,,1,6.764375,0.0,6.5785,0.078917,1,0,,
open,cold,,15,,1,30.094667,0.0,29.927125,0.067792,1,1,,
open,warm,,15,,1,5.838292,0.0,5.706292,0.075375,1,0,,
open,cold,,16,,1,23.25525,0.0,23.146958,0.092375,1,1,,
open,warm,,16,,1,5.481208,0.0,5.324708,0.133417,1,0,,
open,cold,,17,,1,27.924625,0.0,26.867792,0.108667,1,1,,
open,warm,,17,,1,7.763291,0.0,7.677125,0.063708,1,0,,
open,cold,,18,,1,23.2485,0.0,23.121458,0.091375,1,1,,
open,warm,,18,,1,3.047,0.0,2.928042,0.059375,1,0,,
open,cold,,19,,1,24.883709,0.0,24.766917,0.102875,1,1,,
open,warm,,19,,1,8.1335,0.0,7.989,0.10325,1,0,,
event,cold,,0,,1,26.482709,0.04875,26.328542,0.0855,1,1,,
event,warm,,0,,1,4.631333,0.022583,4.52175,0.0785,1,0,,
event,cold,,1,,1,17.462459,0.019334,17.369333,0.066042,1,1,,
event,warm,,1,,1,3.162042,0.01675,3.072333,0.064917,1,0,,
event,cold,,2,,1,17.571333,0.019792,17.475084,0.066041,1,1,,
event,warm,,2,,1,3.575166,0.027416,3.457292,0.072083,1,0,,
event,cold,,3,,1,23.728542,0.058917,23.589625,0.061209,1,1,,
event,warm,,3,,1,6.107792,0.089958,5.925959,0.063875,1,0,,
event,cold,,4,,1,15.115333,0.032583,14.991125,0.068208,1,1,,
event,warm,,4,,1,6.050667,0.038458,5.926083,0.062417,1,0,,
event,cold,,5,,1,23.791208,0.034041,23.675042,0.0625,1,1,,
event,warm,,5,,1,4.62275,0.029709,4.515666,0.060375,1,0,,
event,cold,,6,,1,21.731041,0.074875,21.562792,0.072208,1,1,,
event,warm,,6,,1,3.265417,0.015125,3.179583,0.063834,1,0,,
event,cold,,7,,1,32.060666,0.042625,31.936334,0.070041,1,1,,
event,warm,,7,,1,2.951458,0.020375,2.863167,0.060125,1,0,,
event,cold,,8,,1,23.633,0.026833,23.486375,0.101292,1,1,,
event,warm,,8,,1,5.638,0.029667,5.491792,0.059208,1,0,,
event,cold,,9,,1,27.2685,0.287416,26.895875,0.058,1,1,,
event,warm,,9,,1,2.993916,0.021708,2.897,0.065,1,0,,
event,cold,,10,,1,19.343584,0.04075,19.17375,0.099209,1,1,,
event,warm,,10,,1,3.079583,0.026083,2.987042,0.057666,1,0,,
event,cold,,11,,1,24.580375,0.037041,24.426458,0.098084,1,1,,
event,warm,,11,,1,5.92625,0.058291,5.771792,0.075667,1,0,,
event,cold,,12,,1,25.505542,0.033708,25.372167,0.077292,1,1,,
event,warm,,12,,1,3.934084,0.020167,3.805084,0.100125,1,0,,
event,cold,,13,,1,21.632583,0.020542,21.509375,0.0945,1,1,,
event,warm,,13,,1,4.725041,0.022375,4.541125,0.152083,1,0,,
event,cold,,14,,1,23.746625,0.035125,23.619833,0.067167,1,1,,
event,warm,,14,,1,4.32775,0.032458,4.214,0.065917,1,0,,
event,cold,,15,,1,20.450833,0.018916,20.351292,0.072333,1,1,,
event,warm,,15,,1,3.247166,0.033583,3.130459,0.074541,1,0,,
event,cold,,16,,1,30.88625,0.033167,30.760875,0.070333,1,1,,
event,warm,,16,,1,5.730375,0.032125,5.611,0.069042,1,0,,
event,cold,,17,,1,18.893041,0.019291,18.721292,0.143416,1,1,,
event,warm,,17,,1,3.08175,0.019834,2.993541,0.06125,1,0,,
event,cold,,18,,1,21.9235,0.031709,21.781459,0.092541,1,1,,
event,warm,,18,,1,6.420583,0.038875,6.290792,0.069833,1,0,,
event,cold,,19,,1,15.306209,0.019334,15.217958,0.061709,1,1,,
event,warm,,19,,1,3.318792,0.033334,3.215417,0.061458,1,0,,
event,cold,,20,,1,18.337583,0.033125,18.233708,0.060292,1,1,,
event,warm,,20,,1,3.898459,0.016834,3.811958,0.062167,1,0,,
event,cold,,21,,1,23.225875,0.031417,23.111708,0.066958,1,1,,
event,warm,,21,,1,3.652958,0.025458,3.534542,0.080291,1,0,,
event,cold,,22,,1,27.967542,0.021917,27.801584,0.134125,1,1,,
event,warm,,22,,1,3.248459,0.014625,3.160667,0.064375,1,0,,
event,cold,,23,,1,26.192708,0.036416,26.067625,0.065208,1,1,,
event,warm,,23,,1,4.739875,0.0205,4.65125,0.059,1,0,,
event,cold,,24,,1,16.290958,0.024417,16.188125,0.07025,1,1,,
event,warm,,24,,1,3.041833,0.019166,2.9545,0.058833,1,0,,
event,cold,,25,,1,20.849375,0.023166,20.713292,0.102625,1,1,,
event,warm,,25,,1,3.324542,0.019875,3.232583,0.06125,1,0,,
event,cold,,26,,1,21.243583,0.018917,21.155417,0.060916,1,1,,
event,warm,,26,,1,3.3675,0.032292,3.258875,0.060708,1,0,,
event,cold,,27,,1,15.503833,0.019458,15.407125,0.06725,1,1,,
event,warm,,27,,1,2.778208,0.046125,2.660167,0.052541,1,0,,
event,cold,,28,,1,24.327416,0.041208,24.178459,0.074666,1,1,,
event,warm,,28,,1,6.483125,0.029875,6.3605,0.0775,1,0,,
event,cold,,29,,1,23.602667,0.029917,23.471583,0.084292,1,1,,
event,warm,,29,,1,6.264209,0.031459,6.071209,0.14225,1,0,,
event,cold,,30,,1,18.414208,0.018791,18.32375,0.064458,1,1,,
event,warm,,30,,1,4.439,0.017292,4.347208,0.0665,1,0,,
event,cold,,31,,1,24.746041,0.033791,24.600042,0.089958,1,1,,
event,warm,,31,,1,5.228583,0.036625,5.110333,0.063375,1,0,,
event,cold,,32,,1,18.210958,0.020416,18.106667,0.07325,1,1,,
event,warm,,32,,1,10.796667,0.039,10.657334,0.080208,1,0,,
event,cold,,33,,1,26.676542,0.034375,26.550833,0.069084,1,1,,
event,warm,,33,,1,3.622542,0.021042,3.502834,0.090875,1,0,,
event,cold,,34,,1,19.738208,0.022375,19.634375,0.074,1,1,,
event,warm,,34,,1,4.983,0.034417,4.85625,0.075375,1,0,,
event,cold,,35,,1,27.9065,0.150916,27.662875,0.072375,1,1,,
event,warm,,35,,1,3.097875,0.030167,3.00175,0.055708,1,0,,
event,cold,,36,,1,25.441709,0.022084,25.346,0.064209,1,1,,
event,warm,,36,,1,3.870291,0.024166,3.758708,0.075,1,0,,
event,cold,,37,,1,35.593833,0.04125,35.422334,0.110708,1,1,,
event,warm,,37,,1,3.85475,0.021833,3.743375,0.080583,1,0,,
event,cold,,38,,1,24.690041,0.083416,24.083208,0.06725,1,1,,
event,warm,,38,,1,3.479708,0.020458,3.383584,0.063458,1,0,,
event,cold,,39,,1,20.83,0.02,20.700792,0.099917,1,1,,
event,warm,,39,,1,3.7905,0.022709,3.671208,0.087958,1,0,,
event,cold,,40,,1,27.388708,0.034417,27.233458,0.102458,1,1,,
event,warm,,40,,1,7.000958,0.056708,6.803917,0.120291,1,0,,
event,cold,,41,,1,20.934584,0.062042,20.732084,0.07875,1,1,,
event,warm,,41,,1,8.069041,0.052541,7.885709,0.101166,1,0,,
event,cold,,42,,1,20.205,0.021708,20.093709,0.082125,1,1,,
event,warm,,42,,1,6.041292,0.052375,5.885666,0.080209,1,0,,
event,cold,,43,,1,15.983875,0.022083,15.881583,0.07,1,1,,
event,warm,,43,,1,4.110917,0.063667,3.935958,0.092042,1,0,,
event,cold,,44,,1,25.720375,0.02675,25.61675,0.06675,1,1,,
event,warm,,44,,1,3.153292,0.022959,3.028208,0.09225,1,0,,
event,cold,,45,,1,21.081333,0.034958,20.968541,0.057667,1,1,,
event,warm,,45,,1,4.220583,0.037417,4.101375,0.066041,1,0,,
event,cold,,46,,1,29.372875,0.039416,29.194625,0.066542,1,1,,
event,warm,,46,,1,6.310625,0.277166,5.925,0.073334,1,0,,
event,cold,,47,,1,23.206542,0.040709,23.077125,0.061833,1,1,,
event,warm,,47,,1,4.693625,0.029292,4.541708,0.06725,1,0,,
event,cold,,48,,1,18.635291,0.019916,18.536542,0.069291,1,1,,
event,warm,,48,,1,8.447584,0.018,8.336208,0.081542,1,0,,
event,cold,,49,,1,19.65725,0.021125,19.517541,0.107459,1,1,,
event,warm,,49,,1,4.316208,0.068208,4.161875,0.069167,1,0,,
typing,cold,50,0,github.com/vulpsecula,21,133.4235,105.254583,27.9795,0.063334,1,1,,
typing,warm,50,0,github.com/vulpsecula,21,111.447417,103.967708,7.398,0.067375,1,0,,
typing,cold,50,1,12*(3+4)/2,10,133.355583,105.213583,28.004166,0.100542,1,1,,
typing,warm,50,1,12*(3+4)/2,10,108.318958,104.581708,3.660625,0.0645,1,0,,
typing,cold,50,2,10.1038/nphys1170,17,123.891792,104.672375,19.080833,0.102625,1,1,,
typing,warm,50,2,10.1038/nphys1170,17,109.3805,104.477875,4.826625,0.065166,1,0,,
typing,cold,50,3,swift concurrency,17,126.989666,104.68425,22.203417,0.084416,1,1,,
typing,warm,50,3,swift concurrency,17,111.196167,104.74925,6.351666,0.061667,1,0,,
typing,cold,50,4,~/Documents/notes.txt,21,120.841584,103.759709,16.992625,0.078167,1,1,,
typing,warm,50,4,~/Documents/notes.txt,21,118.010833,114.073583,3.785083,0.134792,1,0,,
typing,cold,50,5,2^10 - 24,9,144.619625,104.428291,40.035708,0.101917,1,1,,
typing,warm,50,5,2^10 - 24,9,113.390125,103.450792,9.764416,0.138542,1,0,,
typing,cold,50,6,https://example.com/a?b=c,25,124.80075,104.829667,19.889208,0.069875,1,1,,
typing,warm,50,6,https://example.com/a?b=c,25,108.3595,103.633333,4.641709,0.067458,1,0,,
typing,cold,50,7,radial menu macos,17,128.113375,104.185834,23.845375,0.070541,1,1,,
typing,warm,50,7,radial menu macos,17,111.585542,104.681083,6.735958,0.148542,1,0,,
typing,cold,50,8,github.com/vulpsecula,21,133.963709,103.406917,30.453917,0.0865,1,1,,
typing,warm,50,8,github.com/vulpsecula,21,116.713125,105.15125,11.379917,0.146,1,0,,
typing,cold,50,9,12*(3+4)/2,10,123.811375,104.961375,18.726625,0.109791,1,1,,
typing,warm,50,9,12*(3+4)/2,10,110.691375,104.498333,6.077375,0.095958,1,0,,
typing,cold,50,10,10.1038/nphys1170,17,126.780625,103.7155,22.971875,0.083542,1,1,,
typing,warm,50,10,10.1038/nphys1170,17,115.820875,103.88025,11.79825,0.12025,1,0,,
typing,cold,50,11,swift concurrency,17,121.282208,104.348292,16.835708,0.063,1,1,,
typing,warm,50,11,swift concurrency,17,110.085042,104.606125,5.313,0.150833,1,0,,
typing,cold,50,12,~/Documents/notes.txt,21,131.295166,106.21825,24.977959,0.083791,1,1,,
typing,warm,50,12,~/Documents/notes.txt,21,106.7105,102.979875,3.627833,0.08925,1,0,,
typing,cold,50,13,2^10 - 24,9,132.231125,105.138125,26.987917,0.066458,1,1,,
typing,warm,50,13,2^10 - 24,9,110.371625,103.189417,7.069917,0.096541,1,0,,
typing,cold,50,14,https://example.com/a?b=c,25,131.096375,103.432083,27.41975,0.108209,1,1,,
typing,warm,50,14,https://example.com/a?b=c,25,114.554459,109.314,5.149875,0.07325,1,0,,
typing,cold,50,15,radial menu macos,17,130.442917,105.232333,25.102667,0.093667,1,1,,
typing,warm,50,15,radial menu macos,17,111.32,104.57375,6.661584,0.063333,1,0,,
typing,cold,50,16,github.com/vulpsecula,21,134.684375,103.206,31.301667,0.115916,1,1,,
typing,warm,50,16,github.com/vulpsecula,21,107.11575,102.457584,4.562667,0.081208,1,0,,
typing,cold,50,17,12*(3+4)/2,10,128.616375,104.909458,23.626375,0.072917,1,1,,
typing,warm,50,17,12*(3+4)/2,10,109.712584,104.640792,4.984667,0.077,1,0,,
typing,cold,50,18,10.1038/nphys1170,17,145.55825,104.956125,40.496,0.093,1,1,,
typing,warm,50,18,10.1038/nphys1170,17,112.792583,104.446792,8.208291,0.085,1,0,,
typing,cold,50,19,swift concurrency,17,133.18,104.629625,28.43275,0.086666,1,1,,
typing,warm,50,19,swift concurrency,17,115.486166,105.038875,10.312291,0.10075,1,0,,
typing,cold,160,0,github.com/vulpsecula,21,110.33275,104.182458,6.06325,0.056375,21,1,,
typing,warm,160,0,github.com/vulpsecula,21,109.870166,105.686166,4.095125,0.074958,21,0,,
typing,cold,160,1,12*(3+4)/2,10,116.010875,103.052916,12.820791,0.100584,10,1,,
typing,warm,160,1,12*(3+4)/2,10,108.539167,104.68775,3.765625,0.075625,10,0,,
typing,cold,160,2,10.1038/nphys1170,17,110.91725,105.351292,5.465209,0.069541,17,1,,
typing,warm,160,2,10.1038/nphys1170,17,109.416833,104.230125,5.061709,0.108333,17,0,,
typing,cold,160,3,swift concurrency,17,114.391875,104.215666,10.067209,0.077625,17,1,,
typing,warm,160,3,swift concurrency,17,108.713708,103.270583,5.326334,0.076791,17,0,,
typing,cold,160,4,~/Documents/notes.txt,21,115.234209,105.171417,9.929916,0.104834,21,1,,
typing,warm,160,4,~/Documents/notes.txt,21,113.548708,104.597916,8.821875,0.081708,21,0,,
typing,cold,160,5,2^10 - 24,9,110.188375,105.242958,4.82775,0.082584,9,1,,
typing,warm,160,5,2^10 - 24,9,116.560625,104.917583,11.452041,0.142917,9,0,,
typing,cold,160,6,https://example.com/a?b=c,25,115.776292,110.096667,5.574792,0.087083,25,1,,
typing,warm,160,6,https://example.com/a?b=c,25,107.686208,103.239833,4.343167,0.087916,25,1,,
typing,cold,160,7,radial menu macos,17,112.6215,104.9165,7.58175,0.092375,17,1,,
typing,warm,160,7,radial menu macos,17,113.081542,105.144042,7.821834,0.082958,17,0,,
typing,cold,160,8,github.com/vulpsecula,21,115.965541,105.517708,10.207083,0.212583,21,1,,
typing,warm,160,8,github.com/vulpsecula,21,137.347042,104.933625,32.282125,0.102875,21,1,,
typing,cold,160,9,12*(3+4)/2,10,111.213,104.011959,7.072791,0.100625,10,1,,
typing,warm,160,9,12*(3+4)/2,10,109.572041,104.929,4.548208,0.078958,10,0,,
typing,cold,160,10,10.1038/nphys1170,17,108.046708,103.36275,4.604333,0.064125,17,1,,
typing,warm,160,10,10.1038/nphys1170,17,115.941416,104.121,11.690042,0.099458,17,0,,
typing,cold,160,11,swift concurrency,17,107.870417,103.202834,4.557708,0.099,17,1,,
typing,warm,160,11,swift concurrency,17,109.638,104.845167,4.689041,0.072667,17,0,,
typing,cold,160,12,~/Documents/notes.txt,21,110.0665,104.327333,5.278542,0.088375,21,1,,
typing,warm,160,12,~/Documents/notes.txt,21,111.682709,104.299375,7.264417,0.0855,21,0,,
typing,cold,160,13,2^10 - 24,9,108.215167,104.323083,3.782959,0.092,9,1,,
typing,warm,160,13,2^10 - 24,9,113.072,105.095792,7.855458,0.080375,9,0,,
typing,cold,160,14,https://example.com/a?b=c,25,108.102,104.452458,3.577,0.056417,25,1,,
typing,warm,160,14,https://example.com/a?b=c,25,113.881916,105.46825,8.283625,0.096708,25,1,,
typing,cold,160,15,radial menu macos,17,110.644042,102.802209,7.674583,0.131667,17,1,,
typing,warm,160,15,radial menu macos,17,111.726333,101.732041,9.890792,0.078,17,0,,
typing,cold,160,16,github.com/vulpsecula,21,108.466708,103.349542,5.026208,0.060708,21,1,,
typing,warm,160,16,github.com/vulpsecula,21,111.172958,104.321292,6.754042,0.069916,21,1,,
typing,cold,160,17,12*(3+4)/2,10,108.485583,103.29725,5.095042,0.075958,10,1,,
typing,warm,160,17,12*(3+4)/2,10,108.624125,104.88425,3.657542,0.06775,10,0,,
typing,cold,160,18,10.1038/nphys1170,17,110.742084,104.198542,6.417292,0.095875,17,1,,
typing,warm,160,18,10.1038/nphys1170,17,108.39975,105.013375,3.3115,0.061666,17,0,,
typing,cold,160,19,swift concurrency,17,107.666333,104.151333,3.43725,0.06325,17,1,,
typing,warm,160,19,swift concurrency,17,108.143167,103.986792,4.074625,0.07,17,0,,
